School Name,Address,Phone number,Mail,Website,Board
"Amanora School, Pune","Amanora Park Town, No. 194, Village Sade Satara Nali, Malwadi Road, Hadapsar-Kharadi Bypass, Pune - 411028",020 - 65270081/ 82/ 83,"admissions@ amanoraschool.edu.in, contact@pearsonschools.in",http://amanoraschool.edu.in,CBSE
"New English School Tilak Rd, Pune","486, Tilak Rd, Sadashiv Peth, Pune - 411030", 020-65603235 , nest@despune.org,http://www.despune.org/newenglishschool-pune,Maharashtra State
"A W Sindhu Vidya Bhavan, Pune","352 Sindh Society, Sadhu Vaswani Nagar, Aundh, Pune, Maharashtra",020-25851816/ 25851816,sindhuvidyabhavan@yahoo.com,http://sindhuvidya.com/,Maharashtra State
"Air Force School, Pune","Air Force  Campus, Viman Nagar,Pune,  Maharashtra- 411014",020-26633451/ 26630112,"afsvnedn@gmail.com, principalafsvn@gmail.com",www.airforceschoolpune.ac.in,CBSE
"Akshara International School, Pune","S. No. 109, Opp Prerana Bhavan, Wakad, Pune, Maharashtra",020- 64102958/ 9225669779,admissions@akshara.in,www.akshara.in,CBSE
"Aksharnandan School, Pune","S No 103, Shivaji Housing Society, S B Road, Bahiratwadi, Pune, Maharashtra 411016?",020-25632224/ 25637513,aksharnandan@gmail.com,http://aksharnandanschool.org/,Maharashtra State
"Anglo Urdu Boys' High School & Junior College, Pune","Anglo Urdu Boys High School & Jr. College2390 – K.B. Hidayatullah Road,New Modikhana,Azam Campus, Camp.Pune – 411001",020 – 26446513. 26445999,info@aubhsjc.com,http://www.aubhsjc.com/,Maharashtra State
"Army Public School, Pune","Dighi, Pune- 411015","020- 65106915, 020- 27150895",armyschooldighi@gmail.com,http://apsdighi.com/index.php,CBSE
"Army Public School, Kirkee, Pune","C/o HQ BEG & Centre Kirkee, Pune – 411003",020-26683454,apskirkee11@gmail.com,https://armypublicschoolkirkee.in/,CBSE
"Army Public School, Pune","Near Ghorpadi Market,Opposite Bank of Maharashtra,Ghorpadi, Pune, Maharashtra - 411001",020-65201244 (Class VI to XII); 020-65201245 (Class I to V),apspune01@gmail.com,http://www.apspune.com/,CBSE
"City International School, Pune","Dnyanganga Ganga Savera Cplx, Shivarkar Garden, Fatima Nagar Rd, Wanworie, Pune - 411040","+(91)-(20)-26873530,26872530,26809008,26809009",,,CBSE
"City International School, Aundh, Pune","Pune Mumbai Highway Near Rajiv Gandhi Bridge D P Road Adjacent to Cosmos Bank Aundh Pune, Maharashtra","020 - 2589 9773, 25899830",,http://www.cityinternationalschool.org.in/home.html,CBSE
"City International School, Pimpri, Pune","Plot No 3, Sukhwani Elite Morwadi Road, Pimpri, Pune - 411018","020 - 2744 0333,",,http://www.cityinternationalschool.org.in/home.html,CBSE
"D Y Patil International School, Pune","Charoli Bk.via Lohegaon,Pune -412 105Maharashtra State, India",020-67077752 / 700,admissions@internationalschool.in,http://www.internationalschool.in/index.htm,ICSE
"Delhi Public School, Pune","Vill. Mohammadwadi, Nyati CountyPune - 411 060","020 - 26970418, 26970428",info@dpspune.com,http://www.dpspune.com/,CBSE
"Jnana Prabodhini Prashala, Pune","510, Sadashiv Peth, Pune - 411030","020 4477691,4478095 4332394, +(91)-(20)-24477691,24207000",prabodhini@vsnl.com,,CBSE
"Kendriya Vidyalaya, Pune",B.e.g    deccan college road deccan college road yerwada  pune maharashtra,020- 26695967,principal_kvbeg@rediffmail.com,www.kvbeg.org,CBSE
"Kendriya Vidyalaya Army Area, Pune","DAD Complex,Wanwari Range, near Lullanager,Pune",020-29705314,"armyareapune@gmail.com, kvpunearmyarea@kvsedu.org",https://armyareapune.kvs.ac.in/,CBSE
"KENDRIYA VIDYALAYA NO 1, Pune","AIR FORCE STATION NEW PROJECT AREA Lohegaon, Pune-411032 MAHARASHTRA","020 6687656,6689026 6689026",principalkv1afs@rediffmail.com ,www.kv1afspune.org,CBSE
"Kendriya Vidyalaya No. 1, Dehu Road, Pune",Dehu road pune distt. maharashtra,"020 7671302, 7671698",principalkv1dehuroad@rediff.com,www.kv1dehu.com,CBSE
"Kendriya Vidyalaya No. 2, AFS Pune",A f station akash nagar pune maharashtra,"020-26684914,26683264 ,26680455 ",kv2afspune@gmail.com,www.kv2afs.org,CBSE
"Kendriya Vidyalaya No. 3, AFS Pune",9  b r d.  a f station pune maharashtra,"020-27019697,27019826",kv9brdpune@gmail.com,www.kv9brd.org.in,CBSE
"Kendriya Vidyalaya, Kirkee, Pune",R h e.  kirkee pune maharashtra,"020 25814712, 25810712",kvrangehills@gmail.com,www.kvrhepune.org,CBSE
"Kendriya Vidyalaya, Pune",Ganeshkhind pune maharashtra,"020 – 25694981  , 25691108",kvganeshkhind@rediffmail.com,www.kvganeshkhindp.com,CBSE
"Kendriya Vidyalaya, Sinhagad Road, Pune","Kendriya Vidyalaya D.I.A.T. Girinagar, Sinhagad Road , Near Khadakwasla Dam, Pune- 411025. Maharashtra",020-24389826 ,kvdiatpune@gmail.com,www.kvdiatpune.org,CBSE
"Kendriya Vidyalaya, Southern Command, Pune","Kendriya Vidyalaya Southern Command, Tarapore Road,Near Parasi Gym Khana,Camp Pune- 411001Land Mark: Opposite Libery Cinema","020 - 26361737, 26342941",kvsoutherncommand@rediffmail.com,www.kvscpune.org,CBSE
"Learning Curve Kids Preschool & Daycare, pune","RH 39,  Manjri Greens Society, Phase -4,off Pune -Solapur Road, Manjri, Hadapsar, Pune 412307",,learningcurvekids@gmail.com,www.learningcurveindia.org,
"Naval Children School, INS Shivaji, Lonavla, Pune","Ins Shivajinagar, Pune, Maharashtra, India.","03192-76846,76574",npspb@yahoo.co.in,,CBSE
"Podar International School, Hadapsar, Pune","Podar International SchoolSr.No.71 Ecp Vastu Handewadi Road,Hadapsar,Pune - 411028.",1800-103-8866,admissions@podar.org,http://www.podar.org/Hadapsar/,CBSE
"Priyadarshani School, Pune","Dighi road, near Sandvik colony, Bhosari",020-27119705/06,,www.priyadarshanigroupofschools.com,CBSE
"Serra International Pre-school Anudh, Pune","SERRA International Plot No. – 1, Ashiyana Park, Opp. Gaikwad Petrol Pump, Aundh, Baner taluka, Pune","+91 9673997227, +91 9561449125",info.aundh@serrapreschools.com ,http://www.serrapreschools.com/en/school/aundh.html,
"Serra International Pre-school Baner, Pune","SERRA International Row House #1, Elite Brooklands, Behind Crosswinds, Near DMart, Baner - Balewadi, Pune",+91 8806663039 / +91 8806664039 / 020 65000647,info.baner@serrapreschools.com,http://www.serrapreschools.com/en/school/baner.html,
"Serra International Pre-school Magarpatta City, Pune","SERRA International Bungalow No. 21, Mulberry Gardens Phase 1, Magarpatta City, Hadapsar, Pune", +91 7709010371 / 72 ,info.magarpatta@serrapreschools.com ,http://www.serrapreschools.com/en/school/magarpatta-city.html,
"Serra International Pre-school, Kothrud, Pune","SERRA International Plot no.4, Yashashree Colony Near Vedant Nagari, D.P. Road, Karvenagar, Pune","+91 7350074652, +91 2065290716 ",info.kothrud@serrapreschools.com,http://www.serrapreschools.com/en/school/kothrud.html,
"Serra International Preschool, Viman Nagar, Pune","SERRA International 62, Parkland Society, Behind Wiekfield IT Park, Viman Nagar, Pune - 411 016 Pune - Viman Nagar Gallery",+91 9158564690,info.vimannagar@serrapreschools.com,http://www.serrapreschools.com/en/school/viman-nagar.html,
"SERRA International, NIBM, Pune","SERRA International Bungalow no.21, Dhunjeebhoy & Sanas Society, Behind BizzBay Mall, Opp Clover Hills, NIBM road, Kondhwa, Pune",+91 9763777778,info.nibm@serrapreschools.com,http://www.serrapreschools.com/en/school/nibm.html,
"Serra International, Sopan Baug, Pune","SERRA International 4, Sopan Baug, 65/2B, Near Amar Ambience Society, Empress Tower lane, Pune – 411 001","+91 02 2671 1156, +91 95451 03333",info.sopanbaug@serrapreschools.com,http://www.serrapreschools.com/en/school/pune-sopan-baug.html,
"Shri Parshwa Pradnyalaya Dnyan Sanskar Mandir, Talegaon Dabhade, Pune",DNYAN SANSKAR MANDIR OLD MUMBAI PUNE HIGH WAY NEAR CRPF TALEGAON DABHADE MAHARASHTRA,"02114 329858, 02114329858",spdsmtgn@yahoo.co.in,,CBSE
"Shrimati Godavari Hindi Primary School, Pune","Mumbai -Pune Road, Akurdi",02027474257,,,Maharashtra State
"Sindhu Vidya Bhavan High School, Pune","352 Sindh Society Sadhu Vaswani NagarAundh, Pune(Maharashtra), IndiaPin-411007",25851816/ 25851816,sindhuvidyabhavan@yahoo.com,http://sindhuvidya.com/#,CBSE
"St. Mary's School, Pune","St. Mary's School, 5-B, General Bhagat Marg,Pune, Maharashtra, INDIA Pin 411001",(0)20 - 26356282,n.a.,http://www.smspune.com/,ICSE
"The Heritage School, Pune","S. No. 127, Vill Ambi Jalegaon, Dabhade, Distt Mavel, Pune Maharshtra",02114 281313,response@heritageschoolpune.com,http://www.heritageschoolpune.com/,CBSE
"Tree House High School, Pune","Tree House High School Pune12, Dudhane Nagar, Opp. Kakade CityKarve NagarPune - 411052",020 – 64510054,pune@treehousehighschool.com,http://www.treehousehighschool.com/pune/,ICSE
"Tree House High School, Pune","Tree House High School38, Pokale Mala, Kondhwa KhurdPune - 411048",+ 91- 020 - 64510011,punekondhwa@treehousehighschool.com,http://www.treehousehighschool.com/pune_kondhwa,IGCSE
"Tree House High School Sus, Pune","Tree House High School Sus, PuneNear Aarohi Projects, Sus, Pune - 411021.",020 60504036,punesus@treehousehighschool.com,http://www.treehousehighschool.com/sus_pune/,ICSE
"Victorious Kidss Educares, Pune","Survey No. 53, 54 & 58, Hissa 2/1AOff. Shreeram Society,Nagar Road, Kharadi",02066355566,reachonline@victoriouskidsseducares.org,http://www.victoriouskidsseducares.org/,IB
"Vidya Pratishthans English Medium School, PUNE","MIDC, Bhigwan Road, Bhigwan Road, Baramati, Pune, Maharastra","02112 43608, 43141, 43141 43141",vpems_baramati@yahoo.co.in,,CBSE
"Vikhe Patil Memorial School, Pune","Patrakar Nagar, Off Senapati Bapat Road,Pune - 411016","020-25658170, 25660050 ",contact@vpmspune.org,,CBSE
"Abagus Vision Education Foundation, Pune",Tejas SocietyEx-Servicemen Colony,020-25389142,,,CBSE
"Abasaheb Atre English Medium School, Pune"," 		S No 352, Somwar Peth, Pune - 411002",(91)-(20)-26129561 ,,,Maharashtra State
"Abhinav Education Soc English Medium School & Jr College, Pune","S.No. 13,Ambegoan(Bk), Katraj-Dehu Road Bypass, Pune-411046","020-24319098, 24317897, 32909304",,http://ambegaonschool.abhinavsociety.org/,Maharastra State
"Abhinav Vidyalaya English Medium School, Pune","102/103, Nr Telephone Exchange Nr Sarve Darshan, Karve Rd, Erandwane, Pune - 411004","+(91)-(20)-25443937,25433063,25453555", ,,Maharastra State
"Abhinav Vidyalaya Marathi Medium High School, Pune","47/17, Erandawane, Karve Road, Pune","020-25431018, 25447209",cslatkar@asm.ac.in,http://www.asm.ac.in/avhs_mm/avmmhs_index.htm,Maharashtra State
"Abhinav Vidyalaya Prathmik Marathi Shala, Pune","Abhinav Vidyalaya Prathmik Marathi Shala47/7-10/3 ErandwanaDeccan Gymkhana, Pune-411004",+91 (20) 25430873,,,Maharashtra State
"Abhinava Vidyalaya English Medium Pre-Primary School, Pune","47/9A, Erandavane, Off Karve Road, Nal Stop, Pune- 411004",020-25433063,,http://www.asm.ac.in/avempps/indexavempps.htm,Maharashtra State
"Acharya Shri Vijay Vallabha, Pune","Acharya Shri Vijay Vallabha, 1111/14, Rajasthani Jain Prajarak Trust Prarthmic Shala, Bhavani Peth, Jawaharlal Nehru Rd, Sadar Bazaar, Pune, Pune, Maharashtra 411002",020 26347665,,,Maharashtra State
"Adarsh Bal Mandir, Pune",Adarsh Bal MandirSandwik RoadGavalli NagarPune Maharashtra,,,,Maharashtra State
"Adarsh Open School, Pune","		174, Old Poolgate Opp Nursing Home, M G Rd, Camp, Pune - 411001",+(91)-9372403180,,,Maharashtra State
"Adarsh Vidya Mandir, Pune"," 		Sasane Nagar, Hadapsar, Pune - 411028",(91)-(20)-26996812,,,Maharashtra State
"Adarsha Madhyamik Vidyalaya, Pune",#54Dalvi NagarMundhwa,020-26873301,,,CBSE
"Adarsha School, Pune",#1367Shukrawar PethPune City H.O.,020-24477306,,,CBSE
"Adarsha Vidyalaya Girls High School, Pune","Adarsha Vidyalaya Girls High School#1367/68 Shukrawar Peth Pune City H.O.Pune - 411002 (Maharashtra), India",020-24476542,,,CBSE
"Adhar Mook Badhir Vidyalaya, Pune","S No 670/71, Nr Bank Of Maharashtra, Bibvewadi, Pune - 411037",+91 20 2428 2252,contact.aadhaar@gmail.com,http://www.aadharschool.org/,Maharashtra State
"Agarkar High School for Girls, Pune",#442Somwar PethKasba Peth,020-26127166,,,CBSE
"Ahilyadevi Highschool For Girls, Pune","Holkar Wada, Shaniwar Peth, Pune - 411030","+(91)-(20)-24450690,24491804",ahsgp@despune.org,http://www.despune.org/ahilyadevihighschool/,Maharastra State
"Ahura English Medium School, Pune","Fatima Nagar, Pune - 411040",+(91)-(20)-25120276,,,Maharashtra State
"Air Force Nursery School New Project, Pune","Address: Lohgaon Road, Lohgaon I.A.F. StationCity: PuneState: MaharashtraPincode: 411032Phone: 020-26614597",020-26614597,,,CBSE
"Akshara International Elementary School, PUNE","Pallod Farm Phase 1, Opp Petrol Pump Lane Adjoining Talentica Building, Baner Road, Baner, Pune - 411045", +(91)-(20)-27293969 ,,,ICSE
Aksharkala - Pune Schools,"Aksharkala - Pune Schools415/B HingneS.P. College, Pune-Phone:",+91 (20) 24250440 ,,,Maharashtra State
"Aksharsparsh, Pune",AksharsparshAddress: #40/1/B Bhonde Colony Karve RoadCity: PuneState: MaharashtraPincode: 411004Phone: 020-25424915,020-25424915,,,CBSE
"Alard Public School, Pune","Survey No. 50, Hinjawadi Marunje, Near Rajiv Gandhi IT Park,Hinjawadi, Pune","020-66523792, 93, 94","info@alardpublicschool.com, apsprincipal1@gmail.com",http://www.alardpublicschool.com,CBSE
"Alegaonkar High School, Pune",Alegaonkar High SchoolAddress: Elphinston Road KhadkiCity: PuneState: MaharashtraPincode: 411003Phone: 020-25817893,020-25817893,,,Maharastra State
"Alegaonkar Primary School, Pune ","#491 Elphinston Road KhadkiPune - 411003 (Maharashtra), India",020-25813655,,,CBSE
"All Girls School, Pune","Erin Nagarwalla School12, Kalyaninagar, Pune - 6",26681166,,,CBSE
"All Saints High School, Pune","All Saints High School, Church Road, Pune-Mumbai Road, Khadaki, Pune, Maharashtra 411003",020 25813969?,,,Maharashtra State
"Alphonsa High School, Pune","Alphonsa Nagar, Kalewadi,Pimpri-Pune 411017",020-27276888,alphonsaschool08@yahoo.com,http://alphonsakalewadi.in/,Maharashtra State
"Aman Setu My School, Pune","Survey No:1424, Sivarkar Vasti, Wagholi Lohegaon Road, Pune - 412207,Maharashtra",+91 88062 89844,feedback.amansetu@gmail.com,http://www.amansetumyschool.com/,Maharastra State
"Ambedkar Memorial High School, Pune","	Solapur Bazar Nr Golibar Maidan, Camp, Pune - 411001",(91)-(20)-26363273,,,Maharashtra State
"Amrita Vidyalayam, Pune","Plot-2, Sector-21, YamunaNagar, Nigdi Pune-411044","020-27662573, 27662682",amritavidyalayamnm@gmail.com,http://pune.amritavidyalayam.org/,Maharashtra State
"Amrita Vidyalayam English Medium, Pune","A/P Baneswar,Taluka- Bhor,Pune, Maharashtra,India",020-27487163,avpune@vsnl.net,,Maharashtra State
"Anand Gurukul, Pune","A P Wadebolbhai, Tal Haveli Dist, 0  (Also serves Pune)","024472062,27052398",,,Maharashtra State
"Andhra High School, Pune","		1264/4, Deccan Gymkhana, Pune - 411004"," +(91)-(20)-64005008,64005006",,,Maharastra State
"Angel High School & Jr College, Pune","Kadam Wakwasti, Loni Kalbhor, Pune - 412201","020-65601882, 9822510762",angelhighschool.loni@gmail.com,http://www.angelianshighschool.com/index.html,Maharashtra State
"Angels Paradise Academy, Pune","Future Towers, Amanora Park Town,Amanora, Magarpatta Road, Hadapsar",9850814646,admin@angelsparadiseacademy.com,,Maharastra State
"Anglo Urdu Boys High School, Pune","Anglo Urdu Boys High SchoolAddress: New Modikhana, Bhavani PethCity: PuneState: MaharashtraPincode: 411001Phone: 020-26446513",020-26446513,info@aubhsjc.com,http://www.aubhsjc.com/,Maharastra State
"Anglo Urdu Girls High School, Pune","2390-B, K.B.H.Road, New Modikhana, Azam Campus, Camp Pune 411 001.","020-26446936, 26446730","aughs@mcesociety.org, info@aughs.org",http://www.aughs.org,Maharashtra State
"Anjuman E Islam Urdu School, Pune","25, Bund Garden Road, Pune - 411001",+(91)-(20)-26128799,,,Maharashtra State
"Ankur English Medium School, Pune"," 		Akshy Apt, Pune Satara Rd, Balaji Nagar, Pune - 411043",(91)-(20)-24368295 ,,,Maharashtra State
"Ankur Kg School, Pune","Ankur Kg School, Range Hills, Khadaki, Pune, Maharashtra 411020",020 25535859?,,,Maharashtra State
"Apang Sahayyakari Sanstha Jeevandhara Vidyalaya, Pune",Apang Sahayyakari Sanstha Jeevandhara VidyalayaAddress: #583 Rasta PethCity: PuneState: MaharashtraPincode: 411011Phone: 020-26336548,020-26336548,,,Maharastra State
"Apostolic Carmel Society, Pune",Apostolic Carmel SocietyAddress: Convent Annexe Lulla Nagar WanawadiCity: PuneState: MaharashtraPincode: 411040Phone: 020-26832980,020-26832980,,,CBSE
"Apte Prashala, Pune","1244, Next To Kohinoor Executive Hotel,Apte Road, Pune - 411004","+(91)-(20)-25532837, 25531996, 25531479",info@vidyamaha.edu.in,www.vidyamaha.edu.in,Maharashtra State
"Aranhas Rosary School, Pune"," 		117 & 118 Shivneri 36 B Madhav Baug, Shivtirth Nagar, Paud Rd, Kothrud, Pune - 411029",(91)-(20)-25410446 ,,,Maharashtra State
"Aranyeshwar Madhyamik Vidyalaya, Pune","	P No 9/2, Shivanand Soc, Dhankavadi, Pune - 411043", 	+(91)-(20)-24374367, 		angel_school@rediffmail.com   ,,Maharashtra State
"Aranyeshwar Shikshan Sanstha, Pune","Aranyeshwar Shikshan SansthaAddress: New #75/65/Old #A701, Kumar Kshitij Shop #87 Sahakar NagarCity: PuneState: MaharashtraPincode: 411009Phone: 020-24224077, 020-24220116","020-24224077, 020-24220116",,,Maharastra State
"Aranyeshwar Vidya Madir, Pune","		S No 85/86, Sahakar Nagar 2, Sahakar Nagar, Pune - 411009",+(91)-(20)-24223618 	,,,Maharashtra State
"Arde Nursery School, Pune","Address: Armament Colony, Pashan ArmamentCity: PuneState: MaharashtraPincode: 411021Phone: 020-25887723",020-25887723,,,CBSE
"Arjun Watumal Sindhu Vidya Bhavan School, Pune",Arjun Watumal Sindhu Vidya Bhavan SchoolAddress: Sindh Society Shop #352 Aundh Ganesh KhindCity: PuneState: MaharashtraPincode: 411007Phone: 020-25882816,020-25882816,,,CBSE
"Army Public School Khadakwasla, Pune","Barrack No.3, NDA Pune",020-25290084,"apskhadakwasla@gmail.com, admin@apskhadakwasla.in, enquiry@apskhadakwasla.in",http://www.apskhadakwasla.in/,CBSE
"Arya Vidya Mandir School, Pune","Maharashi Dayanand Marg, Pimpri, Pune - 411018","+(91)-(20)-27415830,27457407", ,,Maharashtra State
"Ashok Vidyalaya, Pune","	S No 48, Opp New English School Tilak Road, Tilak Rd, Sadashiv Peth, Pune - 411030", 	+(91)-(20)-24477288,,,Maharashtra State
"Ashwini International School, Pune","58/1, Behind Indira College,Tathawade, Pune","7276023177, 7276024177, 9730704598","aispune1234@gmail.com, admin@aispune.com, contact@aispune.com",https://aispune.com,ICSE
"ASM's Geeta Mata English Medium High School, Pune","P 90 C Block, Midc Nr Ibmr Campus, Chinchwad East, Pune-411019",020-27460464,,http://www.asmedu.org/institute-gems.htm,Maharashtra State
"AUB High School & Jr College, Pune","AUB High School & Jr College, 2390-B, K.B. Hidayatullah Road, New Modhikana, , Pune, Pune, Maharashtra 411001",020 26446970?,,,Maharashtra State
"AW Moledina School, Pune","AW Moledina School, Shankar Sheth Road, Bibwewadi, Pune, Maharashtra 411037?",020 26455796?,,,Maharashtra State
"Ayurvidya Mudranalayal, Pune",Ayurvidya MudranalayalAddress: #992 Sadashiv Peth Sadashiv PethCity: PuneState: MaharashtraPincode: 411030Phone: 020-24479055,020-24479055,,,CBSE
"Ayyappa Bhakta Jan Seva Sangh, Pune",Ayyappa Bhakta Jan Seva SanghAddress: #692 Range HillCity: PuneState: MaharashtraPincode: 411020Phone: 020-25691121,020-25691121,,,CBSE
"B K Birla Centre for Education, Pune","B K Birla Centre for EducationPost Box no. 1Talegoan Dabhade, Pin 410 506Taluka  Maval, District Pune",09326460814/09326460815/09326460816,principalbirlacentre@gmail.com,http://www.bkbirlacentre.com/,CBSE
"B K Jhala & Assoc, Pune","158 Nirmal Commercial Center, Bh Giliding Centre, M G Rd, Hadapsar, Pune - 411028","+(91)-(20)-26813536,30922855",,,Maharashtra State
"B T Shahani Navin Hindi English Medium School, Pune","		774, Bhavani Peth, Pune - 411042",+(91)-(20)-26355533,,,Maharashtra State
"B.T. Shahani Navin Hind Primary School, Pune",B.T. Shahani Navin Hind Primary SchoolAddress: #2 Tadiwala Road Kasba PethCity: PuneState: MaharashtraPincode: 411011,,,,Maharastra State
"Babu Bhai Urdu Primary School, Pune","199, Ganesh Peth, Pune - 411002", 	+(91)-(20)-26331074,,,Maharashtra State
"Badriyah Education Society, Pune",Badriyah Education SocietyAddress: #635 Rameshwar Pune City H.O.City: PuneState: MaharashtraPincode: 411002Phone: 020-24473775,020-24473775,,,CBSE
"Badriyah High School, Pune","#635, Raviwar Peth, Pune - 411002",+(91)-(20)-24473775,,,Maharashtra State
"Bai Najamai Nosherwan Dastur Primary and Nursery School, Pune","Lt. Col. Tarapore Road, Camp, Pune","020 2636 2633, Ext. 302/306",,https://primary.dasturschools.in/,Maharashtra State
"Balak Mandir, Pune",Balak MandirAddress: KothrudCity: PuneState: MaharashtraPincode: 411038Phone: 020-25394111,020-25394111,,,Maharastra State
"Bali Niketan, Pune","Bali NiketanNagar RoadDunkirk LinePune, 411014MaharashtraLandmark: Near Chanda Nagar Bus StandPhone: (20)27011046",(20)27011046,,,CBSE
"Baljivan Primary School, Pune","1255, Bhavani Peth, Pune - 411042",(91)-(20)-26352643, 		angel_school@rediffmail.com   ,,Maharashtra State
"Bal-Mitra Montessori School, Pune ","Mont Vert Arcade, Pashan-Sus Road, Pashan, Pune","+91-(020)25870966  |  Cell 9422501402, 9423577856",,,CBSE
"Balvikas Shikshan Sanstha Prathmik Shala, Pune","Balvikas Shikshan Sanstha Prathmik Shala, 423, Somwar Peth, Pune, Maharashtra 411011",020 26121541,,,Maharashtra State
"Bandodkar Primary School, Pune","210, Kelakar Rd, Narayan Peth, Pune - 411030", 	+(91)-(20)-24487819,,,Maharashtra State
"Bansilal R.A. Hindi High School, Pune","Bansilal R.A. Hindi High SchoolRameshwar (Agrasen Bhavan)Shop # 1088,Pune City H.O., Pune-",+91 (20) 24475708,,,Maharashtra State
"Banyan Tree International School, Pune","Shroff Soleno, Near Hotel VTIS, Off Mumbai Banglore Highway, Balewadi – Mhalunge RoadPune, Maharashtra - 411045",020 65292200/ 9323304505/ 9320103331,btisicseschool@gmail.com,www.btis.org.in,ICSE
"Bapusaheb Pawar Prathmik Shala, Pune","	380, Bhavani Peth, Pune - 411042",+(91)-(20)-26434413,,,Maharashtra State
"Basant Primary School, Pune",Basant Primary School74/1 Ghorpade PuneMaharashtra,6361664,,,Maharashtra State
"Bavdhan Primary School English Medium, Pune","S No 19 6, Vidnyannagar Rd, Bawdhan, Pune - 411021",+(91)-(20)-22953509,,,Maharastra State
"Bhandarkar Balak Mandir, Pune",Bhandarkar Balak Mandir441 Budhwar PethPuneMaharashtra,4454083,,,Maharashtra State
"Bharat English School, Pune","	S Nop 19/2 T T Scheme, Nr Police Ground, University Rd, Shivaji Nagar, Pune - 411005", 	+(91)-(20)-25536035,,,Maharastra State
"Bharat Gyan Vigyan Samuday, Pune","Bharat Gyan Vigyan SamudayAddress: #F/9, Adhar Apartment Shop #305 Narayan PethCity: PuneState: MaharashtraPincode: 411030Phone: 020-24434133",020-24434133,,,CBSE
"Bharat High School, Pune","	784, Budhwar Peth, Pune - 411002", 	 	+(91)-(20)-24458463,,,Maharashtra State
"Bharat Mudran Mandir, Pune",Bharat Mudran MandirAddress: Patil Estate Shop #2/35 Shivajinagar H.OCity: PuneState: MaharashtraPincode: 411005Phone: 020-25512517,020-25512517,,,CBSE
"Bharati Vidyapeeth English Medium School Balewadi, Pune","Bharati Vidyapeeth English Medium School Balewadi, Flat No1, Plot No 55, Prathamesh Apartment, Right Bhusari Colony, 98/1 To 7, Kothrud, Pune, Maharashtra 411029",020 25121845?,,,Maharashtra State
"Bharati Vidyapeeth Kanya Prashala, Pune","Bharati Vidyapeeth Kanya PrashalaAddress: #130, School Building Bharati Pune-Satara Road DhankawadiCity: PuneState: MaharashtraPincode: 411043Phone: 020-24379124, 020-24373340","020-24379124, 020-24373340",,,CBSE
"Bharati Vidyapeeth Primary English Medium School, Pune","		Katraj, Dhankavadi, Pune - 411043","+(91)-(20)-24373340,26996830",,,Maharastra State
"Bharati Vidyapeeth Primary School, Pune","Opp Mamta Dining Hall, Bawdhan, Pune - 411021", 	 	+(91)-(20)-25121845,,,Maharashtra State
"Bharatiya Charitrakosh Mandal, Pune",Bharatiya Charitrakosh MandalAddress: #1206A/45 Jangali Maharaj Road Deccan GymkhanaCity: PuneState: MaharashtraPincode: 411004Phone: 020-25532762,020-25532762,,,CBSE
"Bharatiya Vidya Bhavan, Pune","S No 407/408, Bvb Chowk, Off Senapati Bapat Rd, Model Colony, Pune - 411016"," +(91)-(20)-25653413,25657372,25656137", ,www.bvbpune.org,Maharastra State
"Bharatiya Yuvak Kalyan Vyayam Kendra, Pune",Bharatiya Yuvak Kalyan Vyayam KendraAddress: #5 Karve Nagar NavasahyadriCity: PuneState: MaharashtraPincode: 411052Phone: 020-25469130,020-25469130,,,CBSE
"Bhartiya Sindhu Sabha, Pune","Bhartiya Sindhu SabhaAddress: #105, Clover Center Moledina Road Kasba PethCity: PuneState: MaharashtraPincode: 411011Phone: 020-26140466",020-26140466,,,CBSE
"Bhartiya Vidyapeeth Primary School, Pune","Bhartiya Vidyapeeth Primary SchoolC 14, Balaywade PuneMaharashtra",7291698,,,Maharashtra State
"Bhaskaracharya Pratishthan, Pune","Bhaskaracharya Pratishthan, Gokhalenagar, Pune, Pune, Maharashtra 411029",020 25434547?,,,Maharashtra State
"Bhavan's Chhabria Nursery School, Pune","Bhavan's Chhabria Nursery SchoolBharatiya Vidya Bhavan Chowk, Dr. K.M. Munshi Marg,407-408, Shivajinagar, Off. Senapati Bapat Marg, Pune ",020-25653413/7372 ,bvbpk@vsnl.com,,CBSE
"Bhavan's Paranjape Vidya Mandir, Pune","Bhavan's Paranjape Vidya MandirS.No. 40, Hissa No.1, 2 & 3, Near `Rutuparna"",KPIT, Near Kothrud Telephone ExchangeKothrud, PUNE", 020-25388837/25388710 ,,,Maharastra State
"Bhavan's Sulochana Natu Vidya Mandir, Pune","Bhavan's Sulochana Natu Vidya MandirBharatiya Vidya Bhavan Chowk, Dr. K.M. Munshi Marg,407-408, Shivajinagar, Off. Senapati Bapat Marg, Pune", 020-25653413/7372 ,bvbpk@vsnl.com,,CBSE
"Bhavsar Kshatriya Dnyati Mandal, Pune",Bhavsar Kshatriya Dnyati MandalAddress: #619 Rameshwar Pune City H.O.City: PuneState: MaharashtraPincode: 411002Phone: 020-24476315,020-24476315,,,CBSE
"Bhikoba Tambe Memorial High School, Pune","Link Rd, Kalewadi, Pune - 411017",+(91)-(20)-27270238,,,Maharashtra State
"Billimoria High School, Pune","	Vill-Panchagani Tal-Satara, 0  (Also serves Pune)","(91)-2168240255,952168240910",,,Maharashtra State
"Bishops School, Pune","P No 78 Yerawada Town Planning Scheme, Nr Pepsi Godown, Kalyani Nagar, Pune - 411014","+(91)-(20)-65212204,65212205,65237656",info@thebishopsschool.org  ,www.thebishopsschool.org,Maharastra State
"Bishops School Undri, Pune","Ganesh Mandir Kad Nagar, Undri, Mahammadwadi Rd, Kondhwa, Pune - 411048"," +(91)-(20)-32540383,26360437,26330261",info@thebishopsschool.org  ,www.thebishopsschool.org,Maharastra State
"Bissyland Co-Educational High School, Pune","Bissyland Co-Educational High School#776A INS Shivaji, Lonavala S.P. CollegePune - 411030 (Maharashtra), India",020-24472190,,,CBSE
"Blossom Chik Nursery, Pune","Blossom Chik NurseryAddress: Roham Chember, Shivpeth S.P. CollegeCity: PuneState: MaharashtraPincode: 411030Phone: 020-25455310",020-25455310,,,Maharastra State
"Blossom Public School, Pune","S No 82/2, Tathawade, Pune Mumbai Bypass Highway, Chinchwad, Pune - 411033","(91)-(20)-65731506,22934344,22934084,22933423",spmbps@rediffmail.com  ,www.jspm.edu.in,Maharashtra State
"Blue Bird Nursery School, Pune",Address: Manmohan Society Karve Nagar NavasahyadriCity: PuneState: MaharashtraPincode: 411052Phone: 020-25455752,020-25455752 ,,,Maharastra State
"Bramhadatta Vidyallaya For Mentally Retarded, Pune"," 		Pimpri, Pune - 411018",+(91)-(20)-27658105 ,,,Maharashtra State
"Bursar Niraml Bethany High School, Pune"," 		Kalewadi, Pune - 411017",(91)-(20)-27261435 ,,,Maharashtra State
"Cambridge International Academy, Pune","Cips, Village Khandpe At Post Kondiwada Taluka Karjat,","+(91)-2148226981,2148226982,2148226983",info@cambridgeindia.com  ,www.cambridgeindia.com,Maharashtra State
"Camp Education Soceity Primary School, Pune","	Sector 27a, Pradhikaran, Pune - 411044",(91)-(20)-27657049,,,Maharashtra State
"Canterburie School, Pune","	Bh Poona Guest House, Laxmi Rd, Sadashiv Peth, Pune - 411030", 	+(91)-9822874310,,,Maharashtra State
"Casa Dee Dambinee, Pune","		65/4/1a, Kedari Nagar Nr, Salunke Vihar Rd, Wanworie, Pune - 411040",(91)-9921438304,,,Maharashtra State
"Cathedral Vidya School, Pune","	Shilatne At Post Karla, Pune","9923796467 , 9822778947",principal@cathedral-lonavala.org  ,principal@cathedral-lonavala.org   		www.cathedral-lonavala.org,ICSE
"Ces Prerana Primary School, Pune","		Sector No 27/A, Pradhikaran, Pune - 411044",(91)-(20)-27652704 ,,,Maharashtra State
"Chairman Central School, Pune","	Yerawada, Pune - 411006",(91)-(20)-26695697,,,Maharashtra State
"Chate School, Pune","		Next To Big Bazar Opp Walvekar Lawn, Pune Satara Rd, Bibvewadi, Pune - 411037",(91)-9823274898,,,Maharashtra State
"Chate School, Pune","	Dube Pathare Wasti, Chandannagar Nagar Rd, Kharadi, Pune - 411014","(91)-(20)-32911386,20264062",,,Maharashtra State
"Chatra Prabhodini, Pune",Chatra Prabhodini510 Sadashiv PethPuneMaharashtra,,,,Maharashtra State
"Chatrabhuj Narsee School, Pune","Amanora Park Town Amanora Magarpatta Road, Pune - 411028",+91 86577 99480 / 81,contactus.amanora@cns.ac.in,https://amanora.cns.ac.in/,IGCSE
"Childrens Academy High School, Pune","		102/104 Kasba Peth, Behind Kasba Ganpati Temple, Manik Chowk, Kasba Peth, Pune - 411011","(91)-(20)-24433542,9371003088",,,Maharashtra State
"Chruch Of Christ, Pune"," 		Pune Satara Rd, Dhankavadi, Pune - 411043",(91)-(20)-24375260 ,,,Maharashtra State
"City International School, Pune","Kaka Halwai Lane, Opp City Pride Theatre, Pune Satara Rd, Satara Road, Pune - 411009", 	+(91)-(20)-24216869, ,,Maharastra State
"City Montessori School, Pune","	Opp Food Bazar Adidas Lane, Baner Rd, Baner, Pune - 411045",(91)-(20)-32502199,,,Maharastra State
"Cms English Medium School, Pune","1/28, Sambhaji Chowk, Nigdi, Pune - 411044"," +(91)-(20)-27654448,27650969",,,Maharashtra State
"Crescent Nursery Primary School, Pune","Crescent Nursery Primary SchoolAddress: #30/1, Gultekdi Kedgaon, Market YardCity: PuneState: MaharashtraPincode: 411037Phone: 020-24265787",020-24265787,,,CBSE
"Crescent School, Pune","S No 30/1, West Side, Giridhar Bhavan Gali No 2, Gultekdi, Pune - 411037","(91)-(20)-24265990,24265785,24265787",,,Maharashtra State
"Crescent School, Pune","		Opp Jija Mata Hospital, Pimpri, Pune - 411018","(91)-(20)-27413385,27415273,27462273,27460785",,,Maharashtra State
"D A V Public School, Pune","	S No 157 P No 31, D P Rd, Aundh, Pune - 411007","(91)-(20)-25890081,25893694,25880372,25890080",davpune@yahoo.com  ,www.davaundhpune.com,Maharastra State
"D E S School, Tilak Road, Pune","DES School, New English School, Tilak Road Premises, Tilak Road, Pune - 411 030.",020 65603239,,http://www.despune.org/des-primary-preprimary-school-tilakroad,Maharastra State
"Daffodil Intl School, Pune","		Hissa No 10a/9 10b/5 P No 59/60/61 S No 22 Subha Sanket, Mauje Baleadi Nr Sadanand Hotel, Off Bangalore Mumbai Bypass, Balewadi, Pune - 411045"," +(91)-(20)-25882140,25889062",info@disindia.in  ,www.disindia.in,Maharastra State
"Daffodills Nursery School, Pune","#2047 INS Shivaji, Lonavala S.P. CollegePune - 411030 (Maharashtra), India",+(91)-(20)-24332800,,,Maharashtra State
"Dastoor Primary School, Pune","	Dnyanganga Ganga Savera Cplx,Camp, Pune - 411001", +(91)-(20)-26362633,s.d.hormazdiar@yahoo.com  ,,Maharastra State
"Dastoor School Boys, Pune","Col Tarapore Rd, Camp, Pune - 411001",+(91)-(20)-26362632, ,,Maharastra State
"Deccan Education Secondery Prathamic School, Pune","Deccan Education Secendery Prathamic School, No. 487, Tilak Road, Sadashiv Peth, Bal Gandharva Road, Shukrawar Peth, Pune, Pune, Maharashtra 411030",020 24331517?,,,Maharashtra State
"Des Secondary School, Pune","486, Tilak Rd, Sadashiv Peth, Pune - 486, Tilak Rd, Sadashiv Peth, Pune -"," 	 	+(91)-(20)-24335195,24334635",,,Maharashtra State
"Dhruv Global School Undri, Pune","Eternal Exotica Abnavey Nagar, Kondhwa-Undri-Saswad Rd, Handewadi, Pune - 411060",,,,CBSE
"Dighe Kamal Madhukar, Pune"," 		415 Madhuban, Shivaji Nagar, Pune - 411005",+(91)-(20)-25539703 ,,,Maharashtra State
"Dnyan Prabodhini School, Pune","510, Nr Hatti Ganpati, Off Tilak Rd, Sadashiv Peth, Pune -"," +(91)-(20)-24477691,24491806", jpipms@vsnl.net   ,jpipms@vsnl.net,Maharashtra State
"Dnyanankur English Medium School, Pune"," 		Opp Dhankavadi Post Off, Dhankavadi, Pune - 411043","(91)-(20)-24365306,24362334",,,Maharashtra State
"Dnyandeep Primary School, Pune ","#53/1/1 Wadgaon BudrukPune - 411041 (Maharashtra), India",020-24350677,,,CBSE
"Dnyanganga School, Pune","Vitthalwadi, Sinhagad Rd, Hingane Khurd, Pune - 411051"," +(91)-(20)-24348071,24356902",,,Maharastra State
"Dnyanprabhodhini Navnagar Vidhyalay, Pune","		S No 25 Sindhu Nagar, Pradhikaran, Nigdi, Pune - 411044",+(91)-(20)-27657508,,,Maharashtra State
"Don Bosco High School, Pune","		Don Bosco Marg, Yerawada, Pune - 411006","+(91)-(20)-26610868,26688876,26686527",  		donaldsdb@donboscoyerwada.com  ,www.donboscoyerwada.com,Maharastra State
"Door Step School, Pune","110, Anand Park, Aundh, Pune-411007",020-25898762/ 9371007844,rajani@doorstepschool.org,http://www.doorstepschool.org/pune,Maharashtra State
"Door Step School < See Dada Pranjpeabhyasika, Pune","		21 A Tapobhumi Soc, Dattawadi, Pune - 411030",(91)-(20)-24334017 ,,,Maharashtra State
"Dr Babasaheb Ambedkar Mahavidyalay, Pune","Aundhgaon, Aundh, Pune - 411007", +(91)-(20)-25880883, ,www.bvbpune.org,Maharastra State
"Dr Dy Patil Public School, Pune","	Sant Tukaram Nagar, Pimpri, Pune - 411018",+(91)-(20)-27420402,,,Maharashtra State
"Dr Nanasaheb Parulekar Vidyalay, Pune"," 		Mental Corner, Alandi Rd, Yerawada, Pune - 411006",(91)-(20)-26612472,,,Maharashtra State
"Dr S D Tikhe School, Pune"," 		Pl No 8 32/1, Bh Mehendale Garrage, Erandwane, Pune - 411004",(91)-(20)-25434966 ,,,Maharashtra State
"Dr. D. Y. Patil Dnyanshanti School, Pune","Sector 29, Nigdi Pradhikaran, Akurdi, Pune - 411044, Maharashtra",020-2765 3058,contact@yourdomain.com,http://dypdss.com/,Maharashtra State
"Dr. Kalmadi Shamarao High School, Pune","S. No. 36, Erandwane, Ganesh Nagar Road,Pune - 411038","+(91)-(20)-25884460, 020 25433136, 25411830",khspune38@hotmail.com,www.khssec.org,Maharashtra State
"Dr. Kalmadi Shamarao High School Primary Section, Pune","55-57, Dr Ketkar Rd, Bhonde Colony,Erandwane, Pune - 411004",020-25433135,kalmadischool_primary@yahoo.com,https://kaveri.edu.in/khsp/,CBSE
"DSK School Dhayari, Pune","DSK Vishwa, Off Sinhagad Road, Dhayari, Pune - 411041",+91 20 24380047/48,dsk.school@yahoo.co.in,http://www.dskschool.in/,ICSE
